INSERT INTO user_default (id, username, password, email, url_photo, name, account_non_expired, account_non_locked, credentials_non_expired, enabled, created_at, last_password_change_at) VALUES ('c62db400-22e3-4e92-94db-1447f5688f2c', 'admin', '{bcrypt}$2a$10$4zcpWiElBDO8KELG3JE37ukgcCVfrdYeDd2i.F3MEioTkHFIfcqfK', 'admin@admin.com', 'nophoto.png', 'admin',  true, true, true, true, current_timestamp, current_timestamp);--admin1
INSERT INTO user_default (id, username, password, email, url_photo, name, account_non_expired, account_non_locked, credentials_non_expired, enabled, created_at, last_password_change_at) VALUES ('04d0595e-45d5-4f63-8b53-1d79e9d84a5d', 'student1', '{bcrypt}$2a$10$pWJK9KslilCl0HcW5eVKOOdRd8AHuwymd0kze.WvLXM/kQVdKNRi.', 'student1@student.com', 'nophoto.png', 'Student 1', true, true, true, true, current_timestamp, current_timestamp);--user1234
INSERT INTO user_default (id, username, password, email, url_photo, name, account_non_expired, account_non_locked, credentials_non_expired, enabled, created_at, last_password_change_at) VALUES ('e010f144-b376-4dbb-933d-b3ec8332ed0d', 'student2', '{bcrypt}$2a$10$pWJK9KslilCl0HcW5eVKOOdRd8AHuwymd0kze.WvLXM/kQVdKNRi.', 'student2@student.com', 'nophoto.png', 'Student 2', true, true, true, true, current_timestamp, current_timestamp);
INSERT INTO user_default (id, username, password, email, url_photo, name, account_non_expired, account_non_locked, credentials_non_expired, enabled, created_at, last_password_change_at) VALUES ('f3d074a8-d100-4b2f-ad93-ab0da39617c5', 'student3', '{bcrypt}$2a$10$pWJK9KslilCl0HcW5eVKOOdRd8AHuwymd0kze.WvLXM/kQVdKNRi.', 'student3@student.com', 'nophoto.png', 'Student 3', true, true, true, true, current_timestamp, current_timestamp);
INSERT INTO user_default (id, username, password, email, url_photo, name, account_non_expired, account_non_locked, credentials_non_expired, enabled, created_at, last_password_change_at) VALUES ('26e350e2-e2d7-40a8-bb8d-3e2d31e5a907', 'student4', '{bcrypt}$2a$10$pWJK9KslilCl0HcW5eVKOOdRd8AHuwymd0kze.WvLXM/kQVdKNRi.', 'student4@student.com','nophoto.png', 'Student 4', true, true, true, true, current_timestamp, current_timestamp);
INSERT INTO user_default (id, username, password, email, url_photo, name, account_non_expired, account_non_locked, credentials_non_expired, enabled, created_at, last_password_change_at) VALUES ('4e50fd4f-8982-4f9d-bc92-cba499a51a69', 'student5', '{bcrypt}$2a$10$pWJK9KslilCl0HcW5eVKOOdRd8AHuwymd0kze.WvLXM/kQVdKNRi.', 'student5@student.com', 'nophoto.png', 'Student 5', true, true, true, true, current_timestamp, current_timestamp);
INSERT INTO user_default (id, username, password, email, url_photo, name, account_non_expired, account_non_locked, credentials_non_expired, enabled, created_at, last_password_change_at) VALUES ('ad7242d7-11db-4e72-ac96-f668eb1147bb', 'student6', '{bcrypt}$2a$10$pWJK9KslilCl0HcW5eVKOOdRd8AHuwymd0kze.WvLXM/kQVdKNRi.', 'student6@student.com', 'nophoto.png', 'Student 6', true, true, true, true, current_timestamp, current_timestamp);
INSERT INTO user_default (id, username, password, email, url_photo, name, account_non_expired, account_non_locked, credentials_non_expired, enabled, created_at, last_password_change_at) VALUES ('dc98d909-98fd-44da-8944-f2e84ecb1695', 'student7', '{bcrypt}$2a$10$pWJK9KslilCl0HcW5eVKOOdRd8AHuwymd0kze.WvLXM/kQVdKNRi.', 'student7@student.com','nophoto.png', 'Student 7', true, true, true, true, current_timestamp, current_timestamp);
INSERT INTO user_default (id, username, password, email, url_photo, name, account_non_expired, account_non_locked, credentials_non_expired, enabled, created_at, last_password_change_at) VALUES ('23b9773b-b123-4f48-8a6d-ef732806d1f5', 'student8', '{bcrypt}$2a$10$pWJK9KslilCl0HcW5eVKOOdRd8AHuwymd0kze.WvLXM/kQVdKNRi.', 'student8@student.com','nophoto.png', 'Student 8', true, true, true, true, current_timestamp, current_timestamp);
INSERT INTO user_default (id, username, password, email, url_photo, name, account_non_expired, account_non_locked, credentials_non_expired, enabled, created_at, last_password_change_at) VALUES ('5ab9f5d1-6295-43bc-838c-16dd4dd6dfe7', 'student9', '{bcrypt}$2a$10$pWJK9KslilCl0HcW5eVKOOdRd8AHuwymd0kze.WvLXM/kQVdKNRi.', 'student9@student.com', 'nophoto.png', 'Student 9', true, true, true, true, current_timestamp, current_timestamp);
INSERT INTO user_default (id, username, password, email, url_photo, name, account_non_expired, account_non_locked, credentials_non_expired, enabled, created_at, last_password_change_at) VALUES ('7f40a32b-344f-4928-9995-8f6d12c34694', 'student10', '{bcrypt}$2a$10$pWJK9KslilCl0HcW5eVKOOdRd8AHuwymd0kze.WvLXM/kQVdKNRi.', 'student10@student.com', 'nophoto.png', 'Student 10', true, true, true, true, current_timestamp, current_timestamp);
INSERT INTO user_default (id, username, password, email, url_photo, name, account_non_expired, account_non_locked, credentials_non_expired, enabled, created_at, last_password_change_at) VALUES ('4847d54e-f0aa-49b8-bc3e-428bc4d990b8', 'student11', '{bcrypt}$2a$10$pWJK9KslilCl0HcW5eVKOOdRd8AHuwymd0kze.WvLXM/kQVdKNRi.', 'student11@student.com', 'nophoto.png', 'Student 11', true, true, true, true, current_timestamp, current_timestamp);
INSERT INTO user_default (id, username, password, email, url_photo, name, account_non_expired, account_non_locked, credentials_non_expired, enabled, created_at, last_password_change_at) VALUES ('934feb89-6380-4ae1-ab35-cdb38979f864', 'student12', '{bcrypt}$2a$10$pWJK9KslilCl0HcW5eVKOOdRd8AHuwymd0kze.WvLXM/kQVdKNRi.', 'student12@student.com', 'nophoto.png', 'Student 12', true, true, true, true, current_timestamp, current_timestamp);
INSERT INTO user_default (id, username, password, email, url_photo, name, account_non_expired, account_non_locked, credentials_non_expired, enabled, created_at, last_password_change_at) VALUES ('4c350345-ff33-48c5-aada-8e982bfc3b19', 'student13', '{bcrypt}$2a$10$pWJK9KslilCl0HcW5eVKOOdRd8AHuwymd0kze.WvLXM/kQVdKNRi.', 'student13@student.com', 'nophoto.png', 'Student 13', true, true, true, true, current_timestamp, current_timestamp);
INSERT INTO user_default (id, username, password, email, url_photo, name, account_non_expired, account_non_locked, credentials_non_expired, enabled, created_at, last_password_change_at) VALUES ('5cf8b808-3b6e-4d9d-90d5-65c83b0e75b2', 'organizer1', '{bcrypt}$2a$10$pWJK9KslilCl0HcW5eVKOOdRd8AHuwymd0kze.WvLXM/kQVdKNRi.', 'organizer1@organizer.com', 'nophoto.png', 'Organizer 1', true, true, true, true, current_timestamp, current_timestamp);

INSERT INTO admin (id) VALUES ('c62db400-22e3-4e92-94db-1447f5688f2c');

INSERT INTO student (id, description) VALUES ('04d0595e-45d5-4f63-8b53-1d79e9d84a5d', 'Soy una persona extrovertida');
INSERT INTO student (id, description) VALUES ('e010f144-b376-4dbb-933d-b3ec8332ed0d', 'Soy una persona introvertida');
INSERT INTO student (id, description) VALUES ('f3d074a8-d100-4b2f-ad93-ab0da39617c5', 'Soy una persona introvertida');
INSERT INTO student (id, description) VALUES ('26e350e2-e2d7-40a8-bb8d-3e2d31e5a907', 'Soy una persona introvertida');
INSERT INTO student (id, description) VALUES ('4e50fd4f-8982-4f9d-bc92-cba499a51a69', 'Soy una persona introvertida');
INSERT INTO student (id, description) VALUES ('ad7242d7-11db-4e72-ac96-f668eb1147bb', 'Soy una persona introvertida');
INSERT INTO student (id, description) VALUES ('dc98d909-98fd-44da-8944-f2e84ecb1695', 'Soy una persona introvertida');
INSERT INTO student (id, description) VALUES ('23b9773b-b123-4f48-8a6d-ef732806d1f5', 'Soy una persona introvertida');
INSERT INTO student (id, description) VALUES ('5ab9f5d1-6295-43bc-838c-16dd4dd6dfe7', 'Soy una persona introvertida');
INSERT INTO student (id, description) VALUES ('7f40a32b-344f-4928-9995-8f6d12c34694', 'Soy una persona introvertida');
INSERT INTO student (id, description) VALUES ('4847d54e-f0aa-49b8-bc3e-428bc4d990b8', 'Soy una persona introvertida');
INSERT INTO student (id, description) VALUES ('934feb89-6380-4ae1-ab35-cdb38979f864', 'Soy una persona introvertida');
INSERT INTO student (id, description) VALUES ('5cf8b808-3b6e-4d9d-90d5-65c83b0e75b2', 'Soy una persona introvertida');

INSERT INTO organizer (id, description, business) VALUES ('5cf8b808-3b6e-4d9d-90d5-65c83b0e75b2', 'Soy un empresario exitoso', 'Nike');

INSERT INTO event_type (name, icon_ref, color_code) VALUES ('Sports', '0xe5e6', '0xfff0635a');
INSERT INTO event_type (name, icon_ref, color_code) VALUES ('Music', '0xe415', '0xfff59762');
INSERT INTO event_type (name, icon_ref, color_code) VALUES ('Food', '0xe533', '0xff29d697');
INSERT INTO event_type (name, icon_ref, color_code) VALUES ('Gaming', '0xe5e8', '0xff46cdfb');

INSERT INTO student_event_type (student_id, event_type_id) VALUES ('04d0595e-45d5-4f63-8b53-1d79e9d84a5d', 1);
INSERT INTO student_event_type (student_id, event_type_id) VALUES ('04d0595e-45d5-4f63-8b53-1d79e9d84a5d', 2);
INSERT INTO student_event_type (student_id, event_type_id) VALUES ('04d0595e-45d5-4f63-8b53-1d79e9d84a5d', 3);
INSERT INTO student_event_type (student_id, event_type_id) VALUES ('e010f144-b376-4dbb-933d-b3ec8332ed0d', 1);
INSERT INTO student_event_type (student_id, event_type_id) VALUES ('e010f144-b376-4dbb-933d-b3ec8332ed0d', 4);

INSERT INTO city (name, photo_url) VALUES ('Sevilla', 'sevilla.jpg');
INSERT INTO city (name, photo_url) VALUES ('Köln', 'koeln.jpg');
INSERT INTO city (name, photo_url) VALUES ('Madrid', 'madrid.jpg');

INSERT INTO event (id, name, latitude, longitude, price, place, city_id, description, date_time, author, max_capacity) VALUES ('9d782609-1b54-4cee-ad3d-5ce678be376d', 'Campus Food Festival', 37.38283, -5.97317, 2.50, 'University Quad', 1, 'Enjoy a variety of cuisines from different cultures at our annual Campus Food Festival. Taste, savor, and indulge in delicious food prepared by local chefs.', '2024-05-22 08:00:00', '5cf8b808-3b6e-4d9d-90d5-65c83b0e75b2', 25);
INSERT INTO event (id, name, latitude, longitude, price, place, city_id, description, date_time, author, max_capacity) VALUES ('f13a8a04-afe2-4b12-a279-91b3e365073b', 'Gourmet Cooking Class', 37.3824023, -5.99631554987113, 10.50, 'Culinary Arts Building', 1, 'Join our Gourmet Cooking Class to learn how to prepare exquisite dishes from a professional chef. Perfect for food enthusiasts looking to enhance their culinary skills.', '2024-06-19 08:00:00', '5cf8b808-3b6e-4d9d-90d5-65c83b0e75b2', 10);
INSERT INTO event (id, name, latitude, longitude, price, place, city_id, description, date_time, author, max_capacity) VALUES ('62feb988-886b-44ad-ac0b-43acd928a7c3', 'Vegan Food Fair', 37.386207, -5.99255572619863, 20.00, 'Green Hall', 1, 'Discover the best in vegan cuisine at our Vegan Food Fair. Sample plant-based dishes and learn about sustainable eating.', '2024-06-22 08:00:00', '5cf8b808-3b6e-4d9d-90d5-65c83b0e75b2', 150);
INSERT INTO event (id, name, latitude, longitude, price, place, city_id, description, date_time, author, max_capacity) VALUES ('ae56ec32-98bf-4eb6-821d-741a0816b3bf', 'BBQ Cook-off', 37.386207, -5.99255572619863, 4.50, 'Sports Field', 1, 'Show off your grilling skills or just enjoy some mouthwatering BBQ at our BBQ Cook-off event. Compete for the title of best BBQ on campus.', '2024-06-26 08:00:00', '5cf8b808-3b6e-4d9d-90d5-65c83b0e75b2', 200);
INSERT INTO event (id, name, latitude, longitude, price, place, city_id, description, date_time, author, max_capacity) VALUES ('39ff97ef-c4e2-4980-92a7-9d67b4d03749', 'International Street Food Market', 50.941388888889, 6.9583333333333, 2.50, 'Main Plaza', 2, 'Explore a diverse range of street food from around the world at our International Street Food Market. A perfect event for adventurous eaters.', '2024-06-27 10:00:00', '5cf8b808-3b6e-4d9d-90d5-65c83b0e75b2', 300);
INSERT INTO event (id, name, latitude, longitude, price, place, city_id, description, date_time, author, max_capacity) VALUES ('2ab0b875-0b9c-4cd6-aa1c-de2dc561e2d0', 'Retro Gaming Night', 50.936688, 6.960099, 14.00, 'Tech Center', 2, 'Compete in our Campus Esports Tournament featuring popular games like League of Legends, Overwatch, and Fortnite. Win prizes and glory!', '2024-06-28 15:00:00', '5cf8b808-3b6e-4d9d-90d5-65c83b0e75b2', 500);
INSERT INTO event (id, name, latitude, longitude, price, place, city_id, description, date_time, author, max_capacity) VALUES ('d5c3c5de-89d6-4c1f-b0c4-3e1f45d8d2a2', 'Board Game Bonanza', 50.934741, 6.979580, 10.00, 'Student Lounge', 2, 'Relive the nostalgia of classic video games at our Retro Gaming Night. Play your favorite old-school games and challenge your friends.', '2024-06-14 12:00:00', '5cf8b808-3b6e-4d9d-90d5-65c83b0e75b2', 100);
INSERT INTO event (id, name, latitude, longitude, price, place, city_id, description, date_time, author, max_capacity) VALUES ('a2f6b827-1042-4a7c-a9c3-84f1356d10c4', 'Virtual Reality Experience', 50.976048, 7.015457, 30.90, 'Community Center', 2, 'oin us for an evening of fun and strategy at our Board Game Bonanza. We have a wide selection of board games for all skill levels.', '2024-06-20 18:00:00', '5cf8b808-3b6e-4d9d-90d5-65c83b0e75b2', 250);
INSERT INTO event (id, name, latitude, longitude, price, place, city_id, description, date_time, author, max_capacity) VALUES ('9b3ee893-9181-47b8-91fc-63dd16c74f50', 'Gaming Marathon for Charity', 50.963941, 6.955118, 20.00, 'Innovation Lab', 2, 'Immerse yourself in the latest VR technology at our Virtual Reality Experience event. Try out cutting-edge VR games and experiences.', '2024-06-21 09:00:00', '5cf8b808-3b6e-4d9d-90d5-65c83b0e75b2', 120);
INSERT INTO event (id, name, latitude, longitude, price, place, city_id, description, date_time, author, max_capacity) VALUES ('e3bd64f3-ae76-41e1-bcf9-0a817ccca950', 'Campus 5K Run', 40.418162, -3.676356, 40.00, 'Athletic Track', 3, 'Join fellow students in our Campus 5K Run. A great way to stay fit and healthy while supporting a charitable cause.', '2024-06-28 09:00:00', '5cf8b808-3b6e-4d9d-90d5-65c83b0e75b2', 120);
INSERT INTO event (id, name, latitude, longitude, price, place, city_id, description, date_time, author, max_capacity) VALUES ('83134237-d6bd-493d-8f3b-dd62ee16177c', 'Intramural Basketball League', 40.43575, -3.710556, 10.00, 'Sports Complex', 3, 'Sign up for our Intramural Basketball League. Compete with your friends and other students in a fun and friendly environment.', '2024-07-01 12:00:00', '5cf8b808-3b6e-4d9d-90d5-65c83b0e75b2', 50);
INSERT INTO event (id, name, latitude, longitude, price, place, city_id, description, date_time, author, max_capacity) VALUES ('46819fda-3562-4aac-92ab-55794b40796e', 'Ultimate Frisbee Tournament', 40.432472, -3.673794, 5.10, 'North Field', 3, 'Show off your ultimate frisbee skills at our Ultimate Frisbee Tournament. Teams will compete for the championship title.', '2024-07-09 19:00:00', '5cf8b808-3b6e-4d9d-90d5-65c83b0e75b2', 40);
INSERT INTO event (id, name, latitude, longitude, price, place, city_id, description, date_time, author, max_capacity) VALUES ('2e16c4ff-f1c1-4359-9404-360e62464554', 'Yoga in the Park', 40.415932, -3.684938, 20.50, 'Central Park', 3, 'Relax and rejuvenate with our Yoga in the Park sessions. Suitable for all levels, join us for a peaceful yoga experience outdoors.', '2024-07-11 12:00:00', '5cf8b808-3b6e-4d9d-90d5-65c83b0e75b2', 60);
INSERT INTO event (id, name, latitude, longitude, price, place, city_id, description, date_time, author, max_capacity) VALUES ('6c2c425f-d1fe-4209-bdf7-83d369fc60e5', 'Soccer Skills Clinic', 40.397668, -3.686219, 18.50, 'Soccer Stadium', 3, 'Improve your soccer skills at our Soccer Skills Clinic. Learn from experienced coaches and enhance your game.', '2024-06-21 09:00:00', '5cf8b808-3b6e-4d9d-90d5-65c83b0e75b2', 36);
INSERT INTO event (id, name, latitude, longitude, price, place, city_id, description, date_time, author, max_capacity) VALUES ('ef112b3e-df82-4b84-8998-f43422a56314', 'Campus Battle of the Bands', 40.414268, -3.660725, 12.50, 'Amphitheater', 3, 'Watch as student bands compete for the title of best band on campus at our Campus Battle of the Bands. Enjoy live music and support your favorites.', '2024-07-21 09:00:00', '5cf8b808-3b6e-4d9d-90d5-65c83b0e75b2', 120);
INSERT INTO event (id, name, latitude, longitude, price, place, city_id, description, date_time, author, max_capacity) VALUES ('e1f0c314-2249-4b57-802a-726b84475df3', 'Open Mic Night', 50.938268, 6.974593, 0.00, 'Coffee House', 2, 'Showcase your musical talent at our Open Mic Night. Sing, play an instrument, or perform spoken word in a supportive environment.', '2024-07-23 13:00:00', '5cf8b808-3b6e-4d9d-90d5-65c83b0e75b2', 23);
INSERT INTO event (id, name, latitude, longitude, price, place, city_id, description, date_time, author, max_capacity) VALUES ('36486ae2-08d0-4122-a63c-20d5ad59c8ec', 'Jazz and Blues Night', 50.930164, 6.961427, 3.50, 'Music Hall', 2, 'Enjoy an evening of smooth jazz and soulful blues at our Jazz and Blues Night. Featuring performances by talented student musicians.', '2024-07-24 19:00:00', '5cf8b808-3b6e-4d9d-90d5-65c83b0e75b2', 60);
INSERT INTO event (id, name, latitude, longitude, price, place, city_id, description, date_time, author, max_capacity) VALUES ('3a769927-216d-4167-adc2-df53b5440f2b', 'DJ Dance Party', 37.38808, -5.982356, 10.00, 'Student Union', 1, 'Dance the night away at our DJ Dance Party. With top DJs spinning the latest hits, its the perfect way to unwind and have fun.', '2024-07-29 22:00:00', '5cf8b808-3b6e-4d9d-90d5-65c83b0e75b2', 30);
INSERT INTO event (id, name, latitude, longitude, price, place, city_id, description, date_time, author, max_capacity) VALUES ('efd3ac3a-e074-40f9-980b-5c1a23d8ff30', 'Acoustic Coffeehouse', 37.399072, -6.005147, 20.50, 'Library Café', 1, 'Relax with a cup of coffee and enjoy live acoustic music at our Acoustic Coffeehouse event. Featuring performances by student singer-songwriters.', '2024-07-21 19:00:00', '5cf8b808-3b6e-4d9d-90d5-65c83b0e75b2', 100);


INSERT INTO event_event_type (event_id, event_type_id) VALUES ('9d782609-1b54-4cee-ad3d-5ce678be376d', 3);
INSERT INTO event_event_type (event_id, event_type_id) VALUES ('f13a8a04-afe2-4b12-a279-91b3e365073b', 3);
INSERT INTO event_event_type (event_id, event_type_id) VALUES ('62feb988-886b-44ad-ac0b-43acd928a7c3', 3);
INSERT INTO event_event_type (event_id, event_type_id) VALUES ('ae56ec32-98bf-4eb6-821d-741a0816b3bf', 3);
INSERT INTO event_event_type (event_id, event_type_id) VALUES ('39ff97ef-c4e2-4980-92a7-9d67b4d03749', 3);
INSERT INTO event_event_type (event_id, event_type_id) VALUES ('2ab0b875-0b9c-4cd6-aa1c-de2dc561e2d0', 4);
INSERT INTO event_event_type (event_id, event_type_id) VALUES ('d5c3c5de-89d6-4c1f-b0c4-3e1f45d8d2a2', 4);
INSERT INTO event_event_type (event_id, event_type_id) VALUES ('a2f6b827-1042-4a7c-a9c3-84f1356d10c4', 4);
INSERT INTO event_event_type (event_id, event_type_id) VALUES ('9b3ee893-9181-47b8-91fc-63dd16c74f50', 4);
INSERT INTO event_event_type (event_id, event_type_id) VALUES ('e3bd64f3-ae76-41e1-bcf9-0a817ccca950', 1);
INSERT INTO event_event_type (event_id, event_type_id) VALUES ('83134237-d6bd-493d-8f3b-dd62ee16177c', 1);
INSERT INTO event_event_type (event_id, event_type_id) VALUES ('46819fda-3562-4aac-92ab-55794b40796e', 1);
INSERT INTO event_event_type (event_id, event_type_id) VALUES ('2e16c4ff-f1c1-4359-9404-360e62464554', 1);
INSERT INTO event_event_type (event_id, event_type_id) VALUES ('6c2c425f-d1fe-4209-bdf7-83d369fc60e5', 1);
INSERT INTO event_event_type (event_id, event_type_id) VALUES ('ef112b3e-df82-4b84-8998-f43422a56314', 2);
INSERT INTO event_event_type (event_id, event_type_id) VALUES ('e1f0c314-2249-4b57-802a-726b84475df3', 2);
INSERT INTO event_event_type (event_id, event_type_id) VALUES ('36486ae2-08d0-4122-a63c-20d5ad59c8ec', 2);
INSERT INTO event_event_type (event_id, event_type_id) VALUES ('3a769927-216d-4167-adc2-df53b5440f2b', 2);
INSERT INTO event_event_type (event_id, event_type_id) VALUES ('efd3ac3a-e074-40f9-980b-5c1a23d8ff30', 2);


INSERT INTO purchase (uuid, total_price, date_time, event_id, author) VALUES ('123e4567-e89b-12d3-a456-426614174000', 20.0, current_timestamp, '9d782609-1b54-4cee-ad3d-5ce678be376d', '04d0595e-45d5-4f63-8b53-1d79e9d84a5d');
INSERT INTO purchase (uuid, total_price, date_time, event_id, author) VALUES ('223e4567-e89b-12d3-a456-426614174001', 10.0, current_timestamp, '9d782609-1b54-4cee-ad3d-5ce678be376d', 'e010f144-b376-4dbb-933d-b3ec8332ed0d');
INSERT INTO purchase (uuid, total_price, date_time, event_id, author) VALUES ('323e4567-e89b-12d3-a456-426614174002', 30.0, current_timestamp, 'f13a8a04-afe2-4b12-a279-91b3e365073b', 'f3d074a8-d100-4b2f-ad93-ab0da39617c5');
INSERT INTO purchase (uuid, total_price, date_time, event_id, author) VALUES ('423e4567-e89b-12d3-a456-426614174003', 40.0, current_timestamp, 'f13a8a04-afe2-4b12-a279-91b3e365073b', '26e350e2-e2d7-40a8-bb8d-3e2d31e5a907');
INSERT INTO purchase (uuid, total_price, date_time, event_id, author) VALUES ('523e4567-e89b-12d3-a456-426614174004', 20.0, current_timestamp, '62feb988-886b-44ad-ac0b-43acd928a7c3', '4e50fd4f-8982-4f9d-bc92-cba499a51a69');
INSERT INTO purchase (uuid, total_price, date_time, event_id, author) VALUES ('623e4567-e89b-12d3-a456-426614174005', 10.0, current_timestamp, '62feb988-886b-44ad-ac0b-43acd928a7c3', 'ad7242d7-11db-4e72-ac96-f668eb1147bb');
INSERT INTO purchase (uuid, total_price, date_time, event_id, author) VALUES ('723e4567-e89b-12d3-a456-426614174006', 30.0, current_timestamp, 'ae56ec32-98bf-4eb6-821d-741a0816b3bf', 'dc98d909-98fd-44da-8944-f2e84ecb1695');
INSERT INTO purchase (uuid, total_price, date_time, event_id, author) VALUES ('823e4567-e89b-12d3-a456-426614174007', 20.0, current_timestamp, '39ff97ef-c4e2-4980-92a7-9d67b4d03749', '23b9773b-b123-4f48-8a6d-ef732806d1f5');
INSERT INTO purchase (uuid, total_price, date_time, event_id, author) VALUES ('923e4567-e89b-12d3-a456-426614174008', 10.0, current_timestamp, '2ab0b875-0b9c-4cd6-aa1c-de2dc561e2d0', '5ab9f5d1-6295-43bc-838c-16dd4dd6dfe7');
INSERT INTO purchase (uuid, total_price, date_time, event_id, author) VALUES ('a23e4567-e89b-12d3-a456-426614174009', 40.0, current_timestamp, 'd5c3c5de-89d6-4c1f-b0c4-3e1f45d8d2a2', '7f40a32b-344f-4928-9995-8f6d12c34694');
INSERT INTO purchase (uuid, total_price, date_time, event_id, author) VALUES ('b23e4567-e89b-12d3-a456-426614174010', 20.0, current_timestamp, 'a2f6b827-1042-4a7c-a9c3-84f1356d10c4', '4847d54e-f0aa-49b8-bc3e-428bc4d990b8');
INSERT INTO purchase (uuid, total_price, date_time, event_id, author) VALUES ('c23e4567-e89b-12d3-a456-426614174011', 30.0, current_timestamp, '9b3ee893-9181-47b8-91fc-63dd16c74f50', '934feb89-6380-4ae1-ab35-cdb38979f864');
INSERT INTO purchase (uuid, total_price, date_time, event_id, author) VALUES ('d23e4567-e89b-12d3-a456-426614174012', 20.0, current_timestamp, 'ae56ec32-98bf-4eb6-821d-741a0816b3bf', '04d0595e-45d5-4f63-8b53-1d79e9d84a5d');
INSERT INTO purchase (uuid, total_price, date_time, event_id, author) VALUES ('e23e4567-e89b-12d3-a456-426614174013', 10.0, current_timestamp, 'd5c3c5de-89d6-4c1f-b0c4-3e1f45d8d2a2', 'e010f144-b376-4dbb-933d-b3ec8332ed0d');
INSERT INTO purchase (uuid, total_price, date_time, event_id, author) VALUES ('f23e4567-e89b-12d3-a456-426614174014', 40.0, current_timestamp, '2ab0b875-0b9c-4cd6-aa1c-de2dc561e2d0', 'f3d074a8-d100-4b2f-ad93-ab0da39617c5');
INSERT INTO purchase (uuid, total_price, date_time, event_id, author) VALUES ('f23e4567-e89b-12d3-a456-426614174015', 30.0, current_timestamp, '39ff97ef-c4e2-4980-92a7-9d67b4d03749', '26e350e2-e2d7-40a8-bb8d-3e2d31e5a907');
INSERT INTO purchase (uuid, total_price, date_time, event_id, author) VALUES ('f23e4567-e89b-12d3-a456-426614174016', 20.0, current_timestamp, '62feb988-886b-44ad-ac0b-43acd928a7c3', '4e50fd4f-8982-4f9d-bc92-cba499a51a69');
INSERT INTO purchase (uuid, total_price, date_time, event_id, author) VALUES ('f23e4567-e89b-12d3-a456-426614174017', 10.0, current_timestamp, '9d782609-1b54-4cee-ad3d-5ce678be376d', 'ad7242d7-11db-4e72-ac96-f668eb1147bb');
INSERT INTO purchase (uuid, total_price, date_time, event_id, author) VALUES ('f23e4567-e89b-12d3-a456-426614174018', 40.0, current_timestamp, 'f13a8a04-afe2-4b12-a279-91b3e365073b', 'dc98d909-98fd-44da-8944-f2e84ecb1695');
INSERT INTO purchase (uuid, total_price, date_time, event_id, author) VALUES ('f23e4567-e89b-12d3-a456-426614174019', 30.0, current_timestamp, 'ae56ec32-98bf-4eb6-821d-741a0816b3bf', '23b9773b-b123-4f48-8a6d-ef732806d1f5');


INSERT INTO event_photos (event_id, url_photo) VALUES ('9d782609-1b54-4cee-ad3d-5ce678be376d', 'nophotoevent.jpg');

INSERT INTO event_photos (event_id, url_photo) VALUES ('f13a8a04-afe2-4b12-a279-91b3e365073b', 'nophotoevent.jpg');

INSERT INTO event_photos (event_id, url_photo) VALUES ('62feb988-886b-44ad-ac0b-43acd928a7c3', 'nophotoevent.jpg');

INSERT INTO event_photos (event_id, url_photo) VALUES ('ae56ec32-98bf-4eb6-821d-741a0816b3bf', 'nophotoevent.jpg');

INSERT INTO event_photos (event_id, url_photo) VALUES ('39ff97ef-c4e2-4980-92a7-9d67b4d03749', 'nophotoevent.jpg');

INSERT INTO event_photos (event_id, url_photo) VALUES ('2ab0b875-0b9c-4cd6-aa1c-de2dc561e2d0', 'nophotoevent.jpg');

INSERT INTO event_photos (event_id, url_photo) VALUES ('d5c3c5de-89d6-4c1f-b0c4-3e1f45d8d2a2', 'nophotoevent.jpg');

INSERT INTO event_photos (event_id, url_photo) VALUES ('a2f6b827-1042-4a7c-a9c3-84f1356d10c4', 'nophotoevent.jpg');

INSERT INTO event_photos (event_id, url_photo) VALUES ('9b3ee893-9181-47b8-91fc-63dd16c74f50', 'nophotoevent.jpg');
INSERT INTO event_photos (event_id, url_photo) VALUES ('e3bd64f3-ae76-41e1-bcf9-0a817ccca950', 'nophotoevent.jpg');
INSERT INTO event_photos (event_id, url_photo) VALUES ('83134237-d6bd-493d-8f3b-dd62ee16177c', 'nophotoevent.jpg');
INSERT INTO event_photos (event_id, url_photo) VALUES ('46819fda-3562-4aac-92ab-55794b40796e', 'nophotoevent.jpg');
INSERT INTO event_photos (event_id, url_photo) VALUES ('2e16c4ff-f1c1-4359-9404-360e62464554', 'nophotoevent.jpg');
INSERT INTO event_photos (event_id, url_photo) VALUES ('6c2c425f-d1fe-4209-bdf7-83d369fc60e5', 'nophotoevent.jpg');
INSERT INTO event_photos (event_id, url_photo) VALUES ('ef112b3e-df82-4b84-8998-f43422a56314', 'nophotoevent.jpg');
INSERT INTO event_photos (event_id, url_photo) VALUES ('e1f0c314-2249-4b57-802a-726b84475df3', 'nophotoevent.jpg');
INSERT INTO event_photos (event_id, url_photo) VALUES ('36486ae2-08d0-4122-a63c-20d5ad59c8ec', 'nophotoevent.jpg');
INSERT INTO event_photos (event_id, url_photo) VALUES ('3a769927-216d-4167-adc2-df53b5440f2b', 'nophotoevent.jpg');
INSERT INTO event_photos (event_id, url_photo) VALUES ('efd3ac3a-e074-40f9-980b-5c1a23d8ff30', 'nophotoevent.jpg');